config,elapsed_s,acc_marka,acc_desen,acc_ebat,acc_hiz_grubu,acc_mevsim,acc_dot,acc_uretim_yeri,acc_tup
motor=rapidocr,271.9,0.5555555555555556,0.2222222222222222,0.7777777777777778,0.3333333333333333,0.6666666666666666,0.6666666666666666,0.3333333333333333,0.8571428571428571
motor=easyocr,851.6,0.5555555555555556,0.1111111111111111,0.7777777777777778,0.6666666666666666,0.6666666666666666,0.6666666666666666,0.16666666666666666,0.7142857142857143
motor=tesseract,99.2,0.1111111111111111,0.0,0.0,0.0,0.2222222222222222,0.0,0.0,0.0
varyant=v2_shading (motor=rapidocr),279.0,0.6666666666666666,0.2222222222222222,0.7777777777777778,0.2222222222222222,0.5555555555555556,0.3333333333333333,0.8333333333333334,0.8571428571428571
varyant=v3_gradient (motor=rapidocr),257.4,0.1111111111111111,0.1111111111111111,0.7777777777777778,0.4444444444444444,0.4444444444444444,0.3333333333333333,0.6666666666666666,0.8571428571428571
varyant=v4_morph (motor=rapidocr),265.4,0.5555555555555556,0.2222222222222222,0.7777777777777778,0.4444444444444444,0.5555555555555556,0.6666666666666666,0.6666666666666666,0.8571428571428571
varyant=v5_negative (motor=rapidocr),281.3,0.4444444444444444,0.2222222222222222,0.8888888888888888,0.3333333333333333,0.5555555555555556,0.6666666666666666,0.5,0.8571428571428571
ensemble: motor=rapidocr + tüm varyantlar,864.1,0.5555555555555556,0.2222222222222222,0.8888888888888888,0.5555555555555556,0.5555555555555556,0.6666666666666666,1.0,0.8571428571428571
"ensemble: motor=rapidocr+easyocr, varyant=v4_morph",1088.1,0.7777777777777778,0.2222222222222222,0.8888888888888888,0.5555555555555556,0.6666666666666666,0.6666666666666666,0.6666666666666666,0.8571428571428571
