tire_id,ust_file,alt_file,ust_status,alt_status,elapsed_s,ebat,ebat_conf,hiz_grubu,hiz_grubu_conf,marka,marka_conf,desen,desen_conf,mevsim,mevsim_conf,dot,dot_conf,ekstra_lot,uretim_yeri,uretim_yeri_conf,tup,tup_conf
base,Ust.jpg,Alt.jpg,ok,ok,71.1,155/70 R13,5.0,75T,1.94,Continental,14.44,EcoContact 6,6.69,Yaz,3.6,,0.0,S2W2R3B | 03H536 | 1POLYESTER | 70R1375T | 52W2R3B | CONTACT6,Romania,2.29,Tüpsüz,4.07
0,Ust_0.jpg,Alt_0.jpg,ok,ok,67.8,155/70 R13,3.23,387KG,1.11,Continental,20.6,EcoContact 6,8.22,Yaz,4.44,1526,0.97,S2W2R3B | 03H536 | 1POLYESTER | 70R1375T | 1POYAHC | 70R13,Romania,2.3,Tüpsüz,3.31
1,Ust_1.jpg,Alt_1.jpg,ok,ok,61.0,205/55 R16,6.21,91H,2.91,Continental,13.3,PremiumContact 6,6.58,Yaz,3.57,5025,1.86,S2W2R3B | 032PFY | 55R16 | AXLOAD615,,0.0,Tüpsüz,4.3
2,Ust_2.jpg,Alt_2.jpg,ok,ok,50.4,205/55 R16,4.32,91H,2.98,Kumho,9.52,EcoWing ES31,4.37,Yaz,0.99,1326,2.64,127 | LMYAEA | 205 | 55 | R16 | 91H,Korea,1.22,Tüpsüz,3.35
3,Ust_3.jpg,Alt_3.jpg,ok,ok,53.0,205/55 R16,4.24,91H,2.05,Kumho,10.28,EcoWing ES31,3.67,Yaz,0.95,1326,1.0,55R1691H | S2W2R3B | 55R16 | 127 | LMYAEA | 205,,0.0,Tüpsüz,3.26
4,Ust_4.jpg,Alt_4.jpg,ok,ok,57.2,205/55 R16,2.15,,0.0,Kumho,7.93,EcoWing ES31,3.48,,0.0,1326,1.02,55R1691H | 615KG | 127 | LMYAEA | S2W2R3B | 55R16,Korea,1.2,Tüpsüz,2.23
5,Ust_5.jpg,Alt_5.jpg,ok,ok,56.1,155/70 R13,7.17,75T,2.96,Continental,18.31,EcoContact 6,5.06,Yaz,2.75,1526,1.0,03H536 | 1POLYESTER | S2W2R3B | 70R1375T | 52W2R3B | 70R13,Romania,1.18,Tüpsüz,4.31
6,Ust_6.jpg,Alt_6.jpg,ok,ok,60.9,205/55 R16,4.11,H,1.36,Continental,17.25,PremiumContact 6,5.56,Yaz,3.53,5025,0.97,S2W2R3B | 55R1691H | 2STEE | 032PFY | 1POLYESTER | 1FOLYESTER,Czech,2.24,Tüpsüz,3.27
7,Ust_7.jpg,Alt_7.jpg,ok,ok,48.0,205/55 R16,3.12,91H,2.85,Kumho,6.98,EcoWing ES31,4.38,Yaz,1.64,,0.0,55R1691H | 127 | LMYAEA | 13261 | 205 | 55,,0.0,Tüpsüz,2.22
8,Ust_8.jpg,Alt_8.jpg,ok,ok,63.5,155/70 R13,7.3,75T,3.9,Continental,23.28,EcoContact 6,6.3,Yaz,2.75,1526,1.01,S2W2R3B | 1POLYESTER | 03H536 | 70R13 | 70R1375T | 2432551S,Romania,1.2,Tüpsüz,4.38
9,Ust_9.jpg,Alt_9.jpg,ok,ok,53.2,205/55 R16,5.43,91H,3.04,Continental,22.16,PremiumContact 6,4.95,Yaz,3.55,5025,1.85,032PFY | S2W2R3B | 55R16 | 1POLYESTER | 2STEEL | 5R16H,,0.0,Tüpsüz,3.33
10,Ust_10.jpg,Alt_10.jpg,ok,ok,56.3,205/55 R16,2.29,91H,1.12,Continental,10.09,PremiumContact 6,7.54,Yaz,4.91,5025,0.95,032PFY | S2W2R3B | 1POLYESTER | 131640S | FY5025 | 52W2R3B,Czech,2.08,Tüpsüz,4.24
11,Ust_11.jpg,Alt_11.jpg,ok,ok,64.9,155/70 R13,9.56,75T,7.05,Continental,15.45,EcoContact 6,6.65,Yaz,4.43,,0.0,70R13 | 03H536 | S2W2R3B | 14A010 | 03H53 | 1POLYESTER,Romania,2.26,Tüpsüz,2.26
12,Ust_12.jpg,Alt_12.jpg,ok,ok,50.2,205/55 R16,2.16,91H,1.01,Kumho,4.08,EcoWing ES31,5.12,Yaz,2.33,2013,1.78,127 | LMYAEA | INS | 300KPA | 44PSI | 615KG,Korea,1.11,Tüpsüz,2.22
13,Ust_13.jpg,Alt_13.jpg,ok,ok,48.6,205/55 R16,2.26,91H,2.07,Kumho,8.4,EcoWing ES31,4.56,Yaz,1.79,1326,1.78,127 | LMYAEA | 205 | S2W2R3B | 55R1691H | 615KG,,0.0,Tüpsüz,3.34
14,Ust_14.jpg,Alt_14.jpg,ok,ok,47.6,205/55 R16,3.34,91H,1.12,Continental,19.11,PremiumContact 6,4.94,Yaz,4.39,5025,2.77,032PFY | S2W2R3B | 55R1691H | 55R16 | 55R16H | 1POLYESTER,,0.0,Tüpsüz,3.32
15,Ust_15.jpg,Alt_15.jpg,ok,ok,65.7,155/70 R13,7.35,75T,3.04,Continental,20.58,EcoContact 6,8.65,Yaz,6.68,,0.0,S2W2R3B | 14A010 | 03H536 | 2S2W2R3B | 70R13 | 26603H536,Romania,1.21,Tüpsüz,4.4
16,Ust_16.jpg,Alt_16.jpg,ok,ok,80.0,155/70 R13,3.2,75T,1.1,Continental,18.1,EcoContact 6,6.55,Yaz,5.1,1526,1.9,03H536 | 70R13 | 1POLYESTER | S2W2R3B | 14A010 | 70R13T,,0.0,Tüpsüz,4.33
17,Ust_17.jpg,Alt_17.jpg,ok,ok,60.4,205/55 R16,2.21,91H,2.02,Kumho,8.45,EcoWing ES31,4.14,,0.0,,0.0,S2W2R3B | 300KPA | 44PSI | 55R1691H | 127 | LMYAEA,,0.0,Tüpsüz,2.24
18,Ust_18.jpg,Alt_18.jpg,ok,ok,68.7,185/65 R14,3.27,90H,2.07,Lassa,10.0,Multiways,7.04,4 Mevsim,11.73,0826,1.91,S2W2R3B | 4SEASON | 65R14 | 1L5063108 | MLTW2,Turkey,1.16,Tüpsüz,3.37
19,Ust_19.jpg,Alt_19.jpg,ok,ok,80.8,205/55 R16,2.24,91H,1.11,Continental,26.18,PremiumContact 6,6.29,Yaz,4.21,5025,1.85,032PFY | S2W2R3B | 1POLYESTER | 55R16H | 615KG | 51PSI,Inside,1.22,Tüpsüz,3.21
20,Ust_20.jpg,Alt_20.jpg,ok,ok,73.2,185/65 R15,4.12,88H,1.91,General Tire,6.12,EagleF1 Asymmetric 6,0.97,Yaz,1.69,2326,1.78,65R15 | CO1AD | VEIR | 2326 | 185 | 65R,,0.0,Tüpsüz,3.18
21,Ust_21.jpg,Alt_21.jpg,ok,ok,59.9,155/70 R13,10.29,75T,4.93,Continental,21.77,EcoContact 6,7.16,Yaz,5.06,,0.0,70R13 | S2W2R3B | 03H536 | 03H5361526 | 14A010 | 2432551S,Romania,2.3,Tüpsüz,4.36
22,Ust_22.jpg,Alt_22.jpg,ok,ok,69.6,155/70 R13,3.27,75T,1.11,Continental,23.07,EcoContact 6,8.79,Yaz,5.89,,0.0,S2W2R3B | 03H536 | 1POLYESTER | 14A010 | 70R13 | 03H5361526,Romania,1.22,Tüpsüz,4.36
23,Ust_23.jpg,Alt_23.jpg,ok,ok,58.2,155/70 R13,4.18,75T,2.05,Continental,20.26,EcoContact 6,6.83,Yaz,5.29,1526,1.01,03H536 | S2W2R3B | 1POLYESTER | 03H5361526 | 14A010 | 70R1375T,Romania,2.26,Tüpsüz,3.3
24,Ust_24.jpg,Alt_24.jpg,ok,ok,57.2,215/55 R17,5.24,94V,2.05,Continental,12.72,EcoContact 6,6.42,Yaz,3.43,,0.0,0333TD | 1POLYESTER | 215 | 1AF | INSIDE | 55,,0.0,Tüpsüz,3.29
25,Ust_25.jpg,Alt_25.jpg,ok,ok,64.8,185/65 R14,4.34,90H,1.07,Lassa,11.34,Multiways,7.46,4 Mevsim,13.05,0826,1.82,4SEASON | 65R14 | S2W2R3B | 1POLYESTER | MLTW2 | 1L5063108,Turkey,2.2,Tüpsüz,3.28
26,Ust_26.jpg,Alt_26.jpg,ok,ok,62.7,155/70 R13,4.12,75T,2.89,Continental,16.04,EcoContact 6,5.61,Yaz,4.27,1526,1.0,S2W2R3B | 1POLYESTER | 70R13 | 03H536 | 14A010 | COCONTACT6,,0.0,Tüpsüz,5.23
27,Ust_27.jpg,Alt_27.jpg,ok,ok,54.5,205/55 R16,3.0,91H,2.74,Kumho,5.54,EcoWing ES31,4.23,Yaz,0.92,2013,3.41,127 | 55R16 | 2013 | INS | LMYAEA | S2W2R3B,Korea,1.14,Tüpsüz,2.11
28,Ust_28.jpg,Alt_28.jpg,ok,ok,59.2,155/70 R13,5.24,75T,2.05,Continental,20.97,EcoContact 6,7.36,Yaz,3.68,1526,1.86,03H536 | S2W2R3B | 70R13 | COCONTACT6 | CONTACT6 | 387KG,Romania,1.23,Tüpsüz,2.25
29,Ust_29.jpg,Alt_29.jpg,ok,ok,58.4,215/55 R17,2.2,94V,1.12,Continental,12.56,EcoContact 6,5.24,Yaz,2.86,2013,1.78,0333TD | 1POLYESTER | 1AF | INSIDE | 211155 | 041466,,0.0,Tüpsüz,3.27
30,Ust_30.jpg,Alt_30.jpg,ok,ok,65.3,185/65 R14,4.25,90H,2.96,Lassa,5.13,Multiways 2,6.64,4 Mevsim,11.85,1323,1.0,65R14 | 1POLYESTER | S2W2R3B | MLTW2 | 4SEASON | MULTIWAYS2,Turkey,2.25,Tüpsüz,2.24
31,Ust_31.jpg,Alt_31.jpg,ok,ok,60.9,155/70 R13,6.29,75T,2.06,Continental,18.34,EcoContact 6,6.63,Yaz,4.44,1526,1.84,S2W2R3B | 03H536 | 70R13 | 1POLYESTER | CONTACT6 | 03H5361526,Romania,2.25,Tüpsüz,5.4
32,Ust_32.jpg,Alt_32.jpg,ok,ok,67.8,185/60 R15,5.33,88V,2.02,General Tire,11.06,Altimax One,3.25,Yaz,3.48,4890,5.04,60R15 | 4890 | S2WR2 | HYBL | ECO | DYNAMI,Turkey,3.34,Tüpsüz,4.4
33,Ust_33.jpg,Alt_33.jpg,ok,ok,64.5,215/55 R17,4.23,94V,2.07,Continental,14.63,EcoContact 6,6.46,Yaz,5.04,3825,1.01,0333TD | 1AF | 15A010 | INSIDE | E4 | S2W2R3B,Portugal,1.22,Tüpsüz,3.29
34,Ust_34.jpg,Alt_34.jpg,ok,ok,53.9,205/55 R16,3.27,91H,2.98,Kumho,6.65,EcoWing ES31,2.81,,0.0,1326,1.78,127 | LMYAEA | 205 | 55 | R16 | 91H,Korea,1.16,Tüpsüz,3.37
35,Ust_35.jpg,Alt_35.jpg,ok,ok,68.6,185/60 R15,8.58,88V,4.03,General Tire,9.01,Altimax One,3.1,Yaz,3.63,4890,6.68,60R15 | S2WR2 | 4890 | HYBL | 185 | 88V,Turkey,4.39,Tüpsüz,2.18
36,Ust_36.jpg,Alt_36.jpg,ok,ok,65.1,155/70 R13,5.37,75T,3.04,Continental,19.18,EcoContact 6,6.67,Yaz,3.64,1526,1.02,03H536 | S2W2R3B | 14A010 | 1OUNT | 70R13T | TACT6,,0.0,Tüpsüz,4.36
37,Ust_37.jpg,Alt_37.jpg,ok,ok,62.5,215/55 R17,7.0,94V,3.77,Continental,12.67,EcoContact 6,5.91,Yaz,4.53,3825,3.41,0333TD | 1AF | INSIDE | E4 | 021115 | 51,Portugal,2.29,Tüpsüz,5.04
38,Ust_38.jpg,Alt_38.jpg,ok,ok,68.3,185/65 R14,1.2,,0.0,Lassa,16.17,Multiways 2,8.47,4 Mevsim,9.67,1323,0.99,1POLYESTER | 65R14 | 4SEASON | MLTW2 | S2W2R3B | NOS3S,Turkey,1.13,Tüpsüz,4.09
39,Ust_39.jpg,Alt_39.jpg,ok,ok,61.7,155/70 R13,6.29,75T,2.07,Continental,17.27,EcoContact 6,6.69,Yaz,3.65,1526,1.83,03H536 | S2W2R3B | 70R13 | 14A01 | 1POLYESTER | 3H536,Romania,2.29,Tüpsüz,3.31
40,Ust_40.jpg,Alt_40.jpg,ok,ok,56.0,155/70 R13,8.15,75T,4.8,Continental,8.09,EcoContact 6,5.55,Yaz,2.68,1526,1.0,03H536 | S2W2R3B | S2W2R3E | 52W2R3B | 70R13 | 03H53615,Romania,1.2,Tüpsüz,4.3
41,Ust_41.jpg,Alt_41.jpg,ok,ok,67.0,155/70 R13,3.98,75T,2.0,Continental,13.42,EcoContact 6,7.23,Yaz,3.51,1526,2.44,03H536 | S2W2R3B | 1POLYESTER | 14A010,Romania,2.26,Tüpsüz,2.19
42,Ust_42.jpg,Alt_42.jpg,ok,ok,59.4,155/70 R13,3.27,75T,1.12,Continental,20.11,EcoContact 6,7.29,Yaz,5.23,1526,1.85,03H536 | S2W2R3B | 70R13T | TACT6 | 70R13 | 107247S,Romania,3.38,Tüpsüz,3.33
43,Ust_43.jpg,Alt_43.jpg,ok,ok,61.8,155/70 R13,6.28,75T,3.04,Continental,18.96,EcoContact 6,9.01,Yaz,5.25,1526,1.86,S2W2R3B | 03H536 | 1POLYESTER | 70R13 | 1375T,Romania,2.25,Tüpsüz,5.44
44,Ust_44.jpg,Alt_44.jpg,ok,ok,9.9,,0.0,,0.0,,0.0,,0.0,,0.0,,0.0,,,0.0,,0.0
45,Ust_45.jpg,Alt_45.jpg,ok,ok,52.7,185/65 R15,1.14,88H,1.05,Maxxis,1.87,Premitra 5,0.79,,0.0,,0.0,B391856 | 65R15 | 1POLYAMIDE | T391858 | 09ABABAB | 1POLYESTER,Turkey,2.14,Tüpsüz,1.2
46,Ust_46.jpg,Alt_46.jpg,ok,ok,59.1,185/65 R15,4.03,88H,1.83,General Tire,7.62,Altimax One,1.48,Yaz,1.72,1426,1.02,65R15 | 65R1588H | COFAD | 18 | CO1AD | B394966,Turkey,1.22,Tüpsüz,2.16
47,Ust_47.jpg,Alt_47.jpg,ok,ok,54.9,185/65 R15,2.22,88H,1.09,General Tire,4.57,SportContact 7,0.36,Yaz,0.98,1426,0.99,CO1AD | 65R15 | 3109ABABAB | B394966 | TEMPER | ATURE,Turke,1.18,Tüpsüz,2.1
48,Ust_48.jpg,Alt_48.jpg,ok,ok,56.2,185/65 R15,3.09,V,0.76,General Tire,2.8,Altimax One,0.82,Yaz,2.37,1726,0.99,65R15 | CO1AD | B391856 | 65R1588H | B39185 | 3109ABABAB,Turkey,2.18,Tüpsüz,2.18
49,Ust_49.jpg,Alt_49.jpg,ok,ok,59.3,205/55 R16,3.25,H,0.82,Continental,12.34,PremiumContact 6,6.39,Yaz,3.43,5025,1.02,032PFY | S2W2R3B | 1POLYESTER | 55R16 | 1POIOE,Iisni,1.13,Tüpsüz,2.23
50,Ust_50.jpg,Alt_50.jpg,ok,ok,61.8,155/70 R13,2.17,75T,1.1,Continental,17.51,EcoContact 6,8.11,Yaz,5.32,1526,1.85,03H536 | 1POLYESTER | 70R13 | COCONTACT6 | S2W2R3B | 3H536,Romania,2.3,Tüpsüz,3.28
51,Ust_51.jpg,Alt_51.jpg,ok,ok,55.0,155/70 R13,6.08,75T,2.95,Continental,15.63,EcoContact 6,5.2,Yaz,3.66,1526,0.96,03H536 | HTACT6 | S2W2R3 | S2W2R3B | 14A010 | 2W2R3B,Romania,2.29,Tüpsüz,4.25
52,Ust_52.jpg,Alt_52.jpg,ok,ok,70.4,185/60 R15,6.34,88V,2.0,Waterfall,10.67,Eco Dynamic,4.68,Yaz,2.55,0726,1.01,60R15 | S2WR2 | 489 | 3EADS,Turkey,3.33,Tüpsüz,3.26
53,Ust_53.jpg,Alt_53.jpg,ok,ok,68.6,185/60 R15,4.33,M,1.47,Waterfall,6.32,Eco Dynamic,3.57,4 Mevsim,4.32,4890,3.41,60R15 | S2WR2 | 4890 | ECO | DYNAMI | HYBL,Turkey,4.33,Tüpsüz,4.19
54,Ust_54.jpg,Alt_54.jpg,ok,ok,65.5,185/60 R15,4.37,M,1.49,Waterfall,9.04,Eco Dynamic,3.51,4 Mevsim,4.35,4890,3.41,60R15 | S2WR2 | 4890 | HYBL | ECO | DYNAMI,Turkey,3.3,Tüpsüz,3.22
55,Ust_55.jpg,Alt_55.jpg,ok,ok,51.3,185/60 R15,6.31,490DT,1.09,Maxxis,5.2,Eco Dynamic,0.57,Yaz,1.78,4890,3.41,60R15 | 4890 | HYBL | 185 | 88V | EO,Turkey,3.26,Tüpsüz,1.23
56,Ust_56.jpg,Alt_56.jpg,okunamadi,okunamadi,0.3,,0.0,,0.0,,0.0,,0.0,,0.0,,0.0,,,0.0,,0.0
57,Ust_57.jpg,Alt_57.jpg,ok,ok,61.2,155/70 R13,6.27,75T,3.0,Continental,11.33,EcoContact 6,7.33,Yaz,3.58,1526,0.98,S2W2R3B | 03H536 | 03H5361526 | 70R13 | 1POLYESTER,Romania,2.12,Tüpsüz,4.33
58,Ust_58.jpg,Alt_58.jpg,ok,ok,68.3,185/60 R15,6.42,88V,2.04,Waterfall,10.89,Eco Dynamic,4.69,Yaz,2.55,4890,1.78,60R15 | S2WR2 | 48 | 4890 | HYBL | 0726,Turkey,4.42,Tüpsüz,3.29
59,Ust_59.jpg,Alt_59.jpg,ok,ok,67.5,205/55 R16,5.06,91H,1.12,Continental,12.96,PremiumContact 6,6.22,Yaz,3.36,5025,1.65,55R16 | 032PFY | S2W2R3B | 51PS1 | 1POLYESTER | 615KG,,0.0,Tüpsüz,2.25
60,Ust_60.jpg,Alt_60.jpg,ok,ok,59.4,185/65 R14,1.18,,0.0,Lassa,7.06,Multiways 2,3.38,4 Mevsim,7.16,0826,0.98,S2W2R3B | MLTW2 | WAYS2 | 4SEASON | 65R14 | S2W2R38,Turkey,3.11,Tüpsüz,4.32
61,Ust_61.jpg,Alt_61.jpg,ok,ok,60.6,185/65 R14,2.29,,0.0,Lassa,9.49,Multiways 2,7.85,4 Mevsim,11.51,1323,1.86,1POLYESTER | S2W2R3B | 4SEASON | 65R14 | MLTW2 | 65R14A,Turkey,1.2,Tüpsüz,2.27
62,Ust_62.jpg,Alt_62.jpg,ok,ok,50.2,205/55 R16,4.25,H,2.07,Continental,9.5,EcoContact 6,2.95,Yaz,2.52,0126,1.81,032PFY | S2W2R3B | 55R16 | 1POLYESTER | 615KG | 13561B,Czech,1.21,Tüpsüz,1.21
63,Ust_63.jpg,Alt_63.jpg,ok,ok,8.7,,0.0,,0.0,,0.0,,0.0,,0.0,,0.0,,,0.0,,0.0
64,Ust_64.jpg,Alt_64.jpg,ok,ok,66.9,175/65 R14,5.32,86T,1.1,Waterfall,7.39,Quattro,5.48,4 Mevsim,5.08,,0.0,65R14 | S2WR2 | MI | 48EX | 2NW2 | QUATTR,,0.0,Tüpsüz,4.29
65,Ust_65.jpg,Alt_65.jpg,okunamadi,ok,13.1,,0.0,,0.0,,0.0,,0.0,,0.0,,0.0,,,0.0,,0.0
66,Ust_66.jpg,Alt_66.jpg,okunamadi,ok,16.7,,0.0,,0.0,,0.0,,0.0,,0.0,,0.0,,,0.0,,0.0
67,Ust_67.jpg,Alt_67.jpg,ok,ok,40.8,185/65 R14,3.17,86H,2.89,Kumho,2.55,Solus TA21,0.82,4 Mevsim,1.19,,0.0,1Y09LY | A8J | 1Y0 | 9LYA | 1Y09LYA8J | 9LYA8J,Korea,1.09,,0.0
68,Ust_68.jpg,Alt_68.jpg,ok,ok,49.6,195/50 R15,2.3,,0.0,General Tire,7.25,Altimax Winter 3,1.42,4 Mevsim,2.1,,0.0,50R15 | 9LYA8J | 1Y0 | SAFET | RADIA | USTA21,Turkiye,1.23,Tüpsüz,1.23
69,Ust_69.jpg,Alt_69.jpg,ok,ok,45.1,195/50 R15,2.22,Y,0.78,,0.0,,0.0,4 Mevsim,2.12,,0.0,50R15 | 1Y0 | 1Y09LYA8J,,0.0,Tüpsüz,2.3
70,Ust_70.jpg,Alt_70.jpg,ok,ok,35.3,,0.0,,0.0,,0.0,,0.0,4 Mevsim,3.28,,0.0,9LYA8J | 1Y0 | STA21 | USTA21 | S2W2R3B | N02435,,0.0,Tüpsüz,2.31
71,Ust_71.jpg,Alt_71.jpg,ok,ok,36.5,,0.0,,0.0,,0.0,,0.0,4 Mevsim,2.27,,0.0,9LYA8J | 1Y0 | SAFETY | UISTA21 | S2W2R3B | H0435,,0.0,Tüpsüz,1.23
72,Ust_72.jpg,Alt_72.jpg,ok,ok,60.7,185/65 R14,3.26,86H,2.97,Kumho,7.86,Solus TA21,1.48,4 Mevsim,1.05,,0.0,9LYA8J | S2W2R3B | 65R14 | 530KG | 350KPA | 51PSI,,0.0,Tüpsüz,1.05
73,Ust_73.jpg,Alt_73.jpg,ok,ok,77.6,205/55 R16,2.14,91H,1.11,Bridgestone,6.39,Blizzak LM005,1.7,4 Mevsim,2.19,,0.0,55R16 | BLK61Z | S2W2R3B | 8KX569 | 0278KX569,Turkey,1.14,Tüpsüz,4.23
74,Ust_74.jpg,Alt_74.jpg,ok,ok,78.6,175/65 R14,5.01,86T,1.99,Maxxis,3.63,Quattro,0.81,4 Mevsim,4.04,0526,2.62,65R14 | IG | S2WR2 | 48EX | 2NW2 | 0526,,0.0,Tüpsüz,4.17
75,Ust_75.jpg,Alt_75.jpg,ok,ok,76.9,205/55 R16,4.41,91H,3.05,General Tire,11.49,Altimax Winter 3,2.69,4 Mevsim,3.32,,0.0,55R16 | S2W2R3B | BLK61Z | 8KX569 | 1POLYESTER | KX569,,0.0,Tüpsüz,4.37
76,Ust_76.jpg,Alt_76.jpg,ok,ok,61.8,185/65 R14,1.14,86H,1.05,Maxxis,3.8,,0.0,4 Mevsim,1.22,,0.0,530KG | 1168LBS | 350KPA | 51PSI | 9LYA8J | 1Y0,,0.0,Tüpsüz,0.98
77,Ust_77.jpg,Alt_77.jpg,ok,ok,17.8,,0.0,,0.0,,0.0,,0.0,,0.0,,0.0,,,0.0,,0.0
78,Ust_78.jpg,Alt_78.jpg,ok,ok,52.3,205/55 R16,4.31,91V,2.04,Lassa,5.42,Multiways 2,0.79,,0.0,0226,0.96,55R16 | S2W2R3B | 1POLYESTER | 55R10 | 8KX082,,0.0,Tüpsüz,3.22
79,Ust_79.jpg,Alt_79.jpg,ok,ok,74.8,185/65 R14,2.28,86H,1.12,Crosswind,10.39,Comfort Peak,4.02,,0.0,1026,2.66,65R14 | 6LL410 | 05H | 44PSI | LL243826 | LOAD530KG,Serbia,2.24,Tüpsüz,3.26
80,Ust_80.jpg,Alt_80.jpg,ok,ok,49.6,315/35 ZR22,4.41,111Y,3.04,Continental,9.34,SportContact 7,2.34,Yaz,1.75,0125,1.78,032YBU | 1CP | 0125 | E4 | ICP | E02137816,,0.0,Tüpsüz,2.12
81,Ust_81.jpg,Alt_81.jpg,ok,ok,75.5,185/65 R14,4.16,86H,1.1,Crosswind,9.34,Comfort Peak,4.29,,0.0,1026,1.78,44PSI | 6LL410 | 65R14 | 2STEEL | 1NYLON | 1168IBS,Serbia,3.07,Tüpsüz,3.07
82,Ust_82.jpg,Alt_82.jpg,ok,ok,84.8,185/65 R14,1.18,,0.0,Crosswind,6.47,Comfort Peak,4.37,,0.0,1026,1.78,65R14 | 2STEEL | 1NYLON | 44PSI | 6LL410 | 300KPA,Serbia,3.07,Tüpsüz,3.07
83,Ust_83.jpg,Alt_83.jpg,ok,ok,80.4,175/65 R14,4.99,86T,2.7,General Tire,4.3,Altimax One,3.88,4 Mevsim,4.02,0526,2.6,65R14 | S2WR2 | 48EX | 2NW2 | ER | EXCEED,,0.0,Tüpsüz,4.27
84,Ust_84.jpg,Alt_84.jpg,ok,ok,84.0,185/65 R14,2.25,86H,1.12,Crosswind,9.2,Comfort Peak,5.51,,0.0,1026,2.62,6LL410 | 05H | LL243826 | 44PSI | S2W2R3B | 530KG,Serbia,3.28,Tüpsüz,4.32
85,Ust_85.jpg,Alt_85.jpg,ok,ok,72.6,185/65 R14,1.2,,0.0,Crosswind,8.46,Comfort Peak,4.47,Yaz,0.99,1026,3.52,6LL410 | 05H | S2W2R3B | 2STEEL | 44PSI | 65R14,Serbia,3.33,Tüpsüz,3.33
86,Ust_86.jpg,Alt_86.jpg,ok,ok,71.5,185/65 R14,3.36,86H,2.09,Crosswind,5.71,Comfort Peak,5.02,,0.0,1026,2.65,6LL410 | 1NYLON | 05H | LL243826 | 65R14 | 44PSI,Serbia,2.27,Tüpsüz,4.39
87,Ust_87.jpg,Alt_87.jpg,ok,ok,61.6,185/65 R14,3.1,86H,1.03,Crosswind,5.19,Comfort Peak,5.72,,0.0,0265,1.78,S2W2R3B | 6LL410 | COMFOR | 44PSI | S2W2R3 | 2STEEL,Serbia,2.14,Tüpsüz,4.15
88,Ust_88.jpg,Alt_88.jpg,ok,ok,75.9,185/65 R14,5.37,86H,2.06,Crosswind,6.45,Comfort Peak,4.81,,0.0,1026,3.41,6LL410 | 65R14 | S2W2R3B | 05H | 300KPA | 44PSI,Serbia,3.28,Tüpsüz,3.23
89,Ust_89.jpg,Alt_89.jpg,okunamadi,ok,32.0,195/50 R15,2.3,82V,2.1,General Tire,1.94,Altimax Winter 3,0.79,Yaz,1.8,1926,1.01,50R15 | S2W2R3B | 285 | TREADW | EA | 249,Turkiye,2.27,Tüpsüz,2.26
90,Ust_90.jpg,Alt_90.jpg,ok,ok,55.9,175/65 R14,2.25,86T,1.1,Waterfall,5.6,Quattro,3.53,4 Mevsim,2.83,,0.0,65R14 | 48EX | QUATTR | 2NW2 | SEASON | S2WR2,Torkiye,2.25,Tüpsüz,1.2
91,Ust_91.jpg,Alt_91.jpg,ok,ok,62.6,175/65 R14,4.33,86T,2.06,Lassa,3.93,Multiways 2,2.69,4 Mevsim,2.15,0526,3.41,65R14 | 48EX | 2NW2 | 0526 | 8KX082 | 55R16,,0.0,Tüpsüz,3.26
92,Ust_92.jpg,Alt_92.jpg,ok,ok,34.9,185/60 R15,1.16,88H,1.07,Continental,1.85,AllSeasonContact 2,2.3,4 Mevsim,0.95,0526,1.87,S2W2R3B | 034ULT | 60R15HXL | 60R1588HM | 60R15HX | 60R15,,0.0,Tüpsüz,1.17
93,Ust_93.jpg,Alt_93.jpg,ok,okunamadi,21.4,,0.0,,0.0,Continental,7.43,AllSeasonContact 2,3.96,4 Mevsim,2.64,,0.0,034ULT | 60R158 | R1588HM | SOR15HXL,,0.0,Tüpsüz,1.2
94,Ust_94.jpg,Alt_94.jpg,ok,ok,32.0,185/60 R15,2.2,88HM,1.11,Continental,5.77,AllSeasonContact,3.85,4 Mevsim,2.61,0526,1.9,034ULT | ONTACT2 | S2W2R3B | 60R15,,0.0,Tüpsüz,1.21
95,Ust_95.jpg,Alt_95.jpg,ok,ok,39.3,185/60 R15,4.25,H,1.49,Continental,3.69,AllSeasonContact,2.5,4 Mevsim,2.43,0526,1.89,034ULT | S2W2R3B | 60R15 | S2W2R3 | NCONTACT2,,0.0,Tüpsüz,2.28
96,Ust_96.jpg,Alt_96.jpg,ok,ok,58.3,185/60 R15,4.23,88H,3.0,Continental,11.5,AllSeasonContact 2,4.09,4 Mevsim,3.39,0526,0.9,S2W2R3B | 034ULT | NTAL3,,0.0,Tüpsüz,3.27
97,Ust_97.jpg,Alt_97.jpg,ok,okunamadi,20.6,185/60 R15,3.28,88HM,1.12,Continental,6.17,AllSeasonContact,1.73,4 Mevsim,1.72,,0.0,60R15 | 60R15HXL | S2W2R3B | 034ULT,,0.0,Tüpsüz,2.18
98,Ust_98.jpg,Alt_98.jpg,ok,ok,86.7,195/50 R15,1.23,82V,1.13,Vredestein,0.98,Ventus Prime 4,0.36,Yaz,0.99,1526,1.02,285 | S2W2R3B | 249370 | TREADW | EAR | 300,,0.0,Tüpsüz,2.14
99,Ust_99.jpg,Alt_99.jpg,okunamadi,ok,6.0,,0.0,,0.0,,0.0,,0.0,,0.0,,0.0,,,0.0,,0.0
100,Ust_100.jpg,Alt_100.jpg,okunamadi,ok,26.2,205/55 R16,1.21,51PS,1.12,Lassa,4.86,Multiways 2,0.79,,0.0,0226,1.85,55R16 | 8KX082 | 1POLYESTER | S2W2R3B | AT350KPO | L0AD615KG,,0.0,Tüpsüz,1.21
101,Ust_101.jpg,Alt_101.jpg,ok,okunamadi,6.6,,0.0,,0.0,,0.0,,0.0,,0.0,,0.0,,,0.0,,0.0
102,Ust_102.jpg,Alt_102.jpg,ok,ok,52.7,205/55 R16,5.36,615KG,1.12,Lassa,12.29,Multiways 2,1.42,,0.0,0226,1.86,55R16 | 8KX082 | 1POLYESTER | 13561B | S2W2R38 | S2W2P,,0.0,Tüpsüz,2.23
103,Ust_103.jpg,Alt_103.jpg,okunamadi,ok,30.7,205/55 R16,2.08,,0.0,Lassa,6.76,Multiways 2,1.42,,0.0,0226,1.88,8KX082 | 55R16 | 1POLYESTER | 35OKPG | 51PSI | 615KG,,0.0,Tüpsüz,1.2
104,Ust_104.jpg,Alt_104.jpg,ok,ok,58.6,205/55 R16,4.4,91V,1.13,Lassa,11.57,Multiways 2,0.79,,0.0,0226,1.9,8KX082 | 55R16 | 13561B | S2W2R3B | 1POLYESTER | LOAD615KG,,0.0,Tüpsüz,2.19
105,Ust_105.jpg,Alt_105.jpg,ok,okunamadi,29.9,205/55 R16,2.31,,0.0,Lassa,5.16,Competus H/L 2,1.42,,0.0,,0.0,55R16 | S2W2R38 | 8KX082,,0.0,Tüpsüz,1.06
106,Ust_106.jpg,Alt_106.jpg,ok,ok,57.4,205/55 R16,1.23,82V,1.12,General Tire,6.35,Altimax Winter 3,1.42,Yaz,0.97,1926,1.88,S2W2R3B | 285 | 249370 | TREADW | EAR | 300,Turkiye,2.29,Tüpsüz,3.3
107,Ust_107.jpg,Alt_107.jpg,okunamadi,ok,21.2,195/50 R15,2.31,,0.0,Hankook,1.75,Ventus Prime 4,3.28,Yaz,1.84,,0.0,50R15,Tur,1.19,Tüpsüz,3.39
108,Ust_108.jpg,Alt_108.jpg,ok,ok,68.6,185/65 R14,2.14,86H,1.95,Kumho,5.2,,0.0,,0.0,2013,1.78,65R14 | 1Y0 | TBREAT | ATURE | 185 | 61,,0.0,Tüpsüz,1.15
109,Ust_109.jpg,Alt_109.jpg,okunamadi,ok,30.0,185/65 R14,2.14,86H,1.95,Kumho,5.2,,0.0,,0.0,2013,1.78,65R14 | 1Y0 | TBREAT | ATURE | 185 | 61,,0.0,Tüpsüz,1.15
110,Ust_110.jpg,Alt_110.jpg,ok,ok,102.9,185/65 R14,2.14,86H,1.95,Kumho,5.2,,0.0,,0.0,2013,1.78,65R14 | 1Y0 | TBREAT | ATURE | 185 | 61,,0.0,Tüpsüz,1.15
111,Ust_111.jpg,Alt_111.jpg,ok,ok,42.1,185/65 R14,2.14,86H,1.95,Kumho,5.2,,0.0,,0.0,2013,1.78,65R14 | 1Y0 | TBREAT | ATURE | 185 | 61,,0.0,Tüpsüz,1.15
112,Ust_112.jpg,Alt_112.jpg,ok,ok,42.8,185/65 R14,4.3,86H,3.92,Kumho,7.42,Solus TA21,0.82,4 Mevsim,1.2,,0.0,9LYA8J | 1Y0 | SAFETY | WARNIN | 86H | SERICU,,0.0,Tüpsüz,1.2
113,Ust_113.jpg,Alt_113.jpg,ok,ok,31.1,185/65 R14,1.15,,0.0,Kumho,2.1,Solus TA21,0.75,4 Mevsim,1.17,,0.0,9LYA8J | 1YO | SAFETY | KUMHO | 1Y0 | 9L,Korea,1.15,Tüpsüz,1.17
114,Ust_114.jpg,Alt_114.jpg,okunamadi,okunamadi,0.2,,0.0,,0.0,,0.0,,0.0,,0.0,,0.0,,,0.0,,0.0
115,Ust_115.jpg,Alt_115.jpg,ok,ok,61.8,185/65 R14,4.39,86H,1.11,Crosswind,6.52,Comfort Peak,5.21,,0.0,1026,2.66,6LL410 | 65R14 | LL243826 | S2W2R3B | 05H | 1168IBS,Serbia,3.33,Tüpsüz,4.4
116,Ust_116.jpg,Alt_116.jpg,ok,ok,54.9,195/50 R15,2.28,82V,2.08,General Tire,1.88,Altimax Winter 3,0.79,Yaz,0.95,,0.0,S2W2R3B | 50R15 | 285 | 249370 | TREADW | EAR,Turkiye,2.3,Tüpsüz,2.3
117,Ust_117.jpg,Alt_117.jpg,okunamadi,okunamadi,0.2,,0.0,,0.0,,0.0,,0.0,,0.0,,0.0,,,0.0,,0.0
